img,x_d1,y_d1,x_d2,y_d2,x_d3,y_d3,x_e1,y_e1,x_e2,y_e2,x_e3,y_e3,x_e4,y_e4,x_e5,y_e5,x_e6,y_e6,x_e7,y_e7,x_e8,y_e8,x_e9,y_e9,x_e10,y_e10,x_f1,y_f1,x_f2,y_f2,x_f3,y_f3,x_f4,y_f4,x_g6,y_g6,x_g5,y_g5,x_g4,y_g4,x_g3,y_g3,abc
/home/bau/Desktop/Car_project/data/centroid_map/cam2.jpg,0.76797,0.34375,0.72344,0.27031,0.69219,0.21406,0.63359,0.38125,0.60625,0.30469,0.59766,0.2625,0.57969,0.21875,0.56641,0.18906,0.24219,0.37188,0.25938,0.3125,0.26953,0.26719,0.29453,0.22812,0.31484,0.18594,0.11953,0.32969,0.14375,0.28281,0.16953,0.24219,0.20156,0.19844,0.83047,0.93281,0.62031,0.94688,0.30469,0.94844,0.10781,0.94063,1
